{"base_files_url": "https://raw.githubusercontent.com/birdybro/birdybroDB_MiSTer/625f0e8b85f9c50ba21bd1f39dd576f65004e6c7/", "db_files": ["db.json.zip"], "db_id": "birdybro/birdybroDB_MiSTer", "db_url": "https://raw.githubusercontent.com/birdybro/birdybroDB_MiSTer/db/db.json.zip", "default_options": {}, "files": {"Filters_Audio/Arcade LPF/Arcade LPF 2khz 1st + 20khz 2nd.txt": {"hash": "c540f4942e5329d590e1c5d90964cb2f", "size": 405, "tags": [23, 24]}, "Filters_Audio/Arcade LPF/Arcade LPF 4khz 1st + 20khz 2nd.txt": {"hash": "be38ccb49a06efbddfe41883cb712820", "size": 405, "tags": [23, 24]}, "Filters_Audio/Arcade LPF/Arcade LPF 6hz 1st + 20hz 2nd.txt": {"hash": "924f0b1c5c0373609dd4e5c69d37da00", "size": 402, "tags": [23, 24]}, "Filters_Audio/Arcade LPF/Arcade LPF 8khz 1st + 20khz 2nd.txt": {"hash": "2b8cb6af3a47d9033fc192ee0cca4bcb", "size": 405, "tags": [23, 24]}, "Filters_Audio/Core Specific/Gameboy Bandpass HPF 1st LPF 1st .txt": {"hash": "f88c01a6d5f7d4fe2dcdf9518ec9a6f2", "size": 385, "tags": [23, 24]}, "Filters_Audio/Core Specific/Gameboy Bandpass HPF 1st LPF 2nd .txt": {"hash": "e6fdfcd84eb33c43311cc13ad8fdc952", "size": 408, "tags": [23, 24]}, "Filters_Audio/Core Specific/NES LPF 14khz 1st + 21khz.txt": {"hash": "0c5ce2e1ff42c5c2dd19b7e66c9805f5", "size": 389, "tags": [23, 24]}, "Filters_Audio/General LPF/LPF 20khz 3rd CH 0.3db.txt": {"hash": "385d2c8354470dbac9849f0e3bfbda59", "size": 387, "tags": [23, 24]}, "Presets/Core Specific/SNES Interpolation (Sharper).ini": {"hash": "3aa820c6776adf893f8671f83b33a6cb", "size": 163, "tags": [26]}, "Presets/Game Specific/Chrono Cross (MiSTer Walrus).ini": {"hash": "1431824e06d6fcd5b54dd28135eb3f8e", "size": 180, "tags": [26]}, "build_db.py": {"hash": "b3f071a942cd507252ff99895d35109d", "size": 1839, "tags": []}, "build_db.yml": {"hash": "c64468278275f873c628089375d8416f", "size": 539, "tags": []}, "ini-backups/MiSTer_alt_1.ini": {"hash": "b6656d4905cf83af675ae9eef658eb7f", "size": 11570, "tags": [25]}, "ini-backups/MiSTer_alt_2.ini": {"hash": "8a925c6994ab7c06fbe4a786ae7afb4a", "size": 11570, "tags": [25]}, "ini-backups/MiSTer_alt_3.ini": {"hash": "ec692fa5816609683620cd50b8efbf47", "size": 11569, "tags": [25]}, "|docs/Genesis/Phantasy Star IV/Combinations.md": {"hash": "a126a15f9b05f8db30e251d83c6f2199", "size": 2344, "tags": [4, 19, 20]}, "|docs/Genesis/Phantasy Star IV/Skills.md": {"hash": "22c9f00fc2eaa1eeee0d933c1c9ff283", "size": 5880, "tags": [4, 19, 20]}, "|docs/Genesis/Phantasy Star IV/Techniques.md": {"hash": "4a7cde7917404852eb33351286b95055", "size": 4920, "tags": [4, 19, 20]}, "|docs/PSX/Valkyrie Profile/Valkyrie Profile Spoiler Free.pdf": {"hash": "bdf1001ee7f9ce244451a57b6ffe1d28", "size": 81756, "tags": [19, 21, 22]}}, "folders": {"Filters_Audio": {"tags": [23]}, "Filters_Audio/Arcade LPF": {"tags": [23, 29]}, "Filters_Audio/Core Specific": {"tags": [23, 27]}, "Filters_Audio/General LPF": {"tags": [23, 28]}, "Presets": {"tags": [26]}, "Presets/Core Specific": {"tags": [26, 27]}, "Presets/Game Specific": {"tags": [26, 30]}, "ini-backups": {"tags": [25]}, "|docs": {"tags": [19]}, "|docs/Genesis": {"tags": [4, 19]}, "|docs/Genesis/Phantasy Star IV": {"tags": [4, 19]}, "|docs/PSX": {"tags": [19, 21]}, "|docs/PSX/Valkyrie Profile": {"tags": [19, 21]}}, "latest_zip_url": "", "tag_dictionary": {"allfilters": 24, "arcadelpf": 29, "corespecific": 27, "docs": 19, "filtersaudio": 23, "gamespecific": 30, "generallpf": 28, "genesis": 4, "inibackups": 25, "megadrive": 4, "phantasystariv": 20, "presets": 26, "psx": 21, "valkyrieprofile": 22}, "timestamp": 1662331364, "zips": {}}